[
  {
    "id": "data-package",
    "title": "Data Package",
    "schema": "/data-package.json",
    "schema_path": "/data-package.json",
    "specification": "https://raw.githubusercontent.com/OneCloudInc/schemas/master/json/datapackage/data-package.json"
  },
  {
    "id": "data-package-template",
    "title": "Data Package Template",
    "schema": "/data-package-template.json",
    "schema_path": "/data-package-template.json",
    "specification": "https://raw.githubusercontent.com/OneCloudInc/schemas/master/json/datapackage/data-package-template.json"
  },
  {
    "id": "tabular-data-package",
    "title": "Tabular Data Package",
    "schema": "/tabular-data-package.json",
    "schema_path": "/tabular-data-package.json",
    "specification": "https://raw.githubusercontent.com/OneCloudInc/schemas/master/json/datapackage/tabular-data-package.json"
  },
  {
    "id": "fiscal-data-package",
    "title": "Fiscal Data Package",
    "schema": "/fiscal-data-package.json",
    "schema_path": "/fiscal-data-package.json",
    "specification": "https://raw.githubusercontent.com/OneCloudInc/schemas/master/json/datapackage/fiscal-data-package.json"
  },
  {
    "id": "data-resource",
    "title": "Data Resource",
    "schema": "/data-resource.json",
    "schema_path": "/data-resource.json",
    "specification": "https://raw.githubusercontent.com/OneCloudInc/schemas/master/json/datapackage/data-resource.json"
  },
  {
    "id": "artifact-data-resource",
    "title": "Artifact Data Resource",
    "schema": "/artifact-data-resource.json",
    "schema_path": "/artifact-data-resource.json",
    "specification": "https://raw.githubusercontent.com/OneCloudInc/schemas/master/json/datapackage/artifact-data-resource.json"
  },
  {
    "id": "bizapp-data-resource",
    "title": "BizApp Data Resource",
    "schema": "/bizapp-data-resource.json",
    "schema_path": "/bizapp-data-resource.json",
    "specification": "https://raw.githubusercontent.com/OneCloudInc/schemas/master/json/datapackage/bizapp-data-resource.json"
  },
  {
    "id": "output-data-resource",
    "title": "Output Data Resource",
    "schema": "/output-data-resource.json",
    "schema_path": "/output-data-resource.json",
    "specification": "https://raw.githubusercontent.com/OneCloudInc/schemas/master/json/datapackage/output-data-resource.json"
  },
  {
    "id": "output-data-resource-template",
    "title": "Output Data Resource Template",
    "schema": "/output-data-resource-template.json",
    "schema_path": "/output-data-resource-template.json",
    "specification": "https://raw.githubusercontent.com/OneCloudInc/schemas/master/json/datapackage/output-data-resource-template.json"
  },
  {
    "id": "tabular-data-resource",
    "title": "Tabular Data Resource",
    "schema": "/tabular-data-resource.json",
    "schema_path": "/tabular-data-resource.json",
    "specification": "https://raw.githubusercontent.com/OneCloudInc/schemas/master/json/datapackage/tabular-data-resource.json"
  },
  {
    "id": "table-schema",
    "title": "Table Schema",
    "schema": "/table-schema.json",
    "schema_path": "/table-schema.json",
    "specification": "https://raw.githubusercontent.com/OneCloudInc/schemas/master/json/datapackage/table-schema.json"
  }
]
